Year,IHA type,Value type,Donor,Donor ID,Value
2011,Bilateral HA,Absolute,All donors,All donors,"10,147"
2011,Multilateral HA through EU,Absolute,All donors,All donors,"1,654"
2011,Multilateral HA through UN and other multilaterals,Absolute,All donors,All donors,"1,806"
2011,Bilateral HA,Proportional,All donors,All donors,75%
2011,Multilateral HA through EU,Proportional,All donors,All donors,12%
2011,Multilateral HA through UN and other multilaterals,Proportional,All donors,All donors,13%
2012,Bilateral HA,Absolute,All donors,All donors,"9,074"
2012,Multilateral HA through EU,Absolute,All donors,All donors,"1,661"
2012,Multilateral HA through UN and other multilaterals,Absolute,All donors,All donors,"1,492"
2012,Bilateral HA,Proportional,All donors,All donors,74%
2012,Multilateral HA through EU,Proportional,All donors,All donors,14%
2012,Multilateral HA through UN and other multilaterals,Proportional,All donors,All donors,12%
2013,Bilateral HA,Absolute,All donors,All donors,"11,208"
2013,Multilateral HA through EU,Absolute,All donors,All donors,"1,786"
2013,Multilateral HA through UN and other multilaterals,Absolute,All donors,All donors,"1,532"
2013,Bilateral HA,Proportional,All donors,All donors,77%
2013,Multilateral HA through EU,Proportional,All donors,All donors,12%
2013,Multilateral HA through UN and other multilaterals,Proportional,All donors,All donors,11%
2014,Bilateral HA,Absolute,All donors,All donors,"14,371"
2014,Multilateral HA through EU,Absolute,All donors,All donors,"2,049"
2014,Multilateral HA through UN and other multilaterals,Absolute,All donors,All donors,"1,674"
2014,Bilateral HA,Proportional,All donors,All donors,79%
2014,Multilateral HA through EU,Proportional,All donors,All donors,11%
2014,Multilateral HA through UN and other multilaterals,Proportional,All donors,All donors,9%
2015,Bilateral HA,Absolute,All donors,All donors,"16,238"
2015,Multilateral HA through EU,Absolute,All donors,All donors,"1,819"
2015,Multilateral HA through UN and other multilaterals,Absolute,All donors,All donors,"1,926"
2015,Bilateral HA,Proportional,All donors,All donors,81%
2015,Multilateral HA through EU,Proportional,All donors,All donors,9%
2015,Multilateral HA through UN and other multilaterals,Proportional,All donors,All donors,10%
2016,Bilateral HA,Absolute,All donors,All donors,"17,003"
2016,Multilateral HA through EU,Absolute,All donors,All donors,"2,492"
2016,Multilateral HA through UN and other multilaterals,Absolute,All donors,All donors,"2,335"
2016,Bilateral HA,Proportional,All donors,All donors,78%
2016,Multilateral HA through EU,Proportional,All donors,All donors,11%
2016,Multilateral HA through UN and other multilaterals,Proportional,All donors,All donors,11%
2017,Bilateral HA,Absolute,All donors,All donors,"17,994"
2017,Multilateral HA through EU,Absolute,All donors,All donors,"2,231"
2017,Multilateral HA through UN and other multilaterals,Absolute,All donors,All donors,"2,625"
2017,Bilateral HA,Proportional,All donors,All donors,79%
2017,Multilateral HA through EU,Proportional,All donors,All donors,10%
2017,Multilateral HA through UN and other multilaterals,Proportional,All donors,All donors,11%
2018,Bilateral HA,Absolute,All donors,All donors,"20,188"
2018,Multilateral HA through EU,Absolute,All donors,All donors,"2,002"
2018,Multilateral HA through UN and other multilaterals,Absolute,All donors,All donors,"2,905"
2018,Bilateral HA,Proportional,All donors,All donors,80%
2018,Multilateral HA through EU,Proportional,All donors,All donors,8%
2018,Multilateral HA through UN and other multilaterals,Proportional,All donors,All donors,12%
2019,Bilateral HA,Absolute,All donors,All donors,"19,025"
2019,Multilateral HA through EU,Absolute,All donors,All donors,"2,192"
2019,Multilateral HA through UN and other multilaterals,Absolute,All donors,All donors,"2,849"
2019,Bilateral HA,Proportional,All donors,All donors,79%
2019,Multilateral HA through EU,Proportional,All donors,All donors,9%
2019,Multilateral HA through UN and other multilaterals,Proportional,All donors,All donors,12%
2020,Bilateral HA,Absolute,All donors,All donors,"19,070"
2020,Multilateral HA through EU,Absolute,All donors,All donors,"2,588"
2020,Multilateral HA through UN and other multilaterals,Absolute,All donors,All donors,"2,491"
2020,Bilateral HA,Proportional,All donors,All donors,79%
2020,Multilateral HA through EU,Proportional,All donors,All donors,11%
2020,Multilateral HA through UN and other multilaterals,Proportional,All donors,All donors,10%
2011,Bilateral HA,Absolute,US,US,"5,010"
2011,Multilateral HA through EU,Absolute,US,US,0
2011,Multilateral HA through UN and other multilaterals,Absolute,US,US,79
2011,Bilateral HA,Proportional,US,US,98%
2011,Multilateral HA through EU,Proportional,US,US,0%
2011,Multilateral HA through UN and other multilaterals,Proportional,US,US,2%
2012,Bilateral HA,Absolute,US,US,"4,407"
2012,Multilateral HA through EU,Absolute,US,US,0
2012,Multilateral HA through UN and other multilaterals,Absolute,US,US,51
2012,Bilateral HA,Proportional,US,US,99%
2012,Multilateral HA through EU,Proportional,US,US,0%
2012,Multilateral HA through UN and other multilaterals,Proportional,US,US,1%
2013,Bilateral HA,Absolute,US,US,"5,212"
2013,Multilateral HA through EU,Absolute,US,US,0
2013,Multilateral HA through UN and other multilaterals,Absolute,US,US,50
2013,Bilateral HA,Proportional,US,US,99%
2013,Multilateral HA through EU,Proportional,US,US,0%
2013,Multilateral HA through UN and other multilaterals,Proportional,US,US,1%
2014,Bilateral HA,Absolute,US,US,"6,484"
2014,Multilateral HA through EU,Absolute,US,US,0
2014,Multilateral HA through UN and other multilaterals,Absolute,US,US,70
2014,Bilateral HA,Proportional,US,US,99%
2014,Multilateral HA through EU,Proportional,US,US,0%
2014,Multilateral HA through UN and other multilaterals,Proportional,US,US,1%
2015,Bilateral HA,Absolute,US,US,"6,600"
2015,Multilateral HA through EU,Absolute,US,US,0
2015,Multilateral HA through UN and other multilaterals,Absolute,US,US,91
2015,Bilateral HA,Proportional,US,US,99%
2015,Multilateral HA through EU,Proportional,US,US,0%
2015,Multilateral HA through UN and other multilaterals,Proportional,US,US,1%
2016,Bilateral HA,Absolute,US,US,"6,691"
2016,Multilateral HA through EU,Absolute,US,US,0
2016,Multilateral HA through UN and other multilaterals,Absolute,US,US,79
2016,Bilateral HA,Proportional,US,US,99%
2016,Multilateral HA through EU,Proportional,US,US,0%
2016,Multilateral HA through UN and other multilaterals,Proportional,US,US,1%
2017,Bilateral HA,Absolute,US,US,"7,272"
2017,Multilateral HA through EU,Absolute,US,US,0
2017,Multilateral HA through UN and other multilaterals,Absolute,US,US,96
2017,Bilateral HA,Proportional,US,US,99%
2017,Multilateral HA through EU,Proportional,US,US,0%
2017,Multilateral HA through UN and other multilaterals,Proportional,US,US,1%
2018,Bilateral HA,Absolute,US,US,"7,217"
2018,Multilateral HA through EU,Absolute,US,US,0
2018,Multilateral HA through UN and other multilaterals,Absolute,US,US,103
2018,Bilateral HA,Proportional,US,US,99%
2018,Multilateral HA through EU,Proportional,US,US,0%
2018,Multilateral HA through UN and other multilaterals,Proportional,US,US,1%
2019,Bilateral HA,Absolute,US,US,"8,199"
2019,Multilateral HA through EU,Absolute,US,US,0
2019,Multilateral HA through UN and other multilaterals,Absolute,US,US,127
2019,Bilateral HA,Proportional,US,US,98%
2019,Multilateral HA through EU,Proportional,US,US,0%
2019,Multilateral HA through UN and other multilaterals,Proportional,US,US,2%
2020,Bilateral HA,Absolute,US,US,"8,751"
2020,Multilateral HA through EU,Absolute,US,US,0
2020,Multilateral HA through UN and other multilaterals,Absolute,US,US,152
2020,Bilateral HA,Proportional,US,US,98%
2020,Multilateral HA through EU,Proportional,US,US,0%
2020,Multilateral HA through UN and other multilaterals,Proportional,US,US,2%
2011,Bilateral HA,Absolute,Germany,DE,394
2011,Multilateral HA through EU,Absolute,Germany,DE,332
2011,Multilateral HA through UN and other multilaterals,Absolute,Germany,DE,121
2011,Bilateral HA,Proportional,Germany,DE,46%
2011,Multilateral HA through EU,Proportional,Germany,DE,39%
2011,Multilateral HA through UN and other multilaterals,Proportional,Germany,DE,14%
2012,Bilateral HA,Absolute,Germany,DE,389
2012,Multilateral HA through EU,Absolute,Germany,DE,346
2012,Multilateral HA through UN and other multilaterals,Absolute,Germany,DE,80
2012,Bilateral HA,Proportional,Germany,DE,48%
2012,Multilateral HA through EU,Proportional,Germany,DE,42%
2012,Multilateral HA through UN and other multilaterals,Proportional,Germany,DE,10%
2013,Bilateral HA,Absolute,Germany,DE,543
2013,Multilateral HA through EU,Absolute,Germany,DE,370
2013,Multilateral HA through UN and other multilaterals,Absolute,Germany,DE,82
2013,Bilateral HA,Proportional,Germany,DE,55%
2013,Multilateral HA through EU,Proportional,Germany,DE,37%
2013,Multilateral HA through UN and other multilaterals,Proportional,Germany,DE,8%
2014,Bilateral HA,Absolute,Germany,DE,802
2014,Multilateral HA through EU,Absolute,Germany,DE,446
2014,Multilateral HA through UN and other multilaterals,Absolute,Germany,DE,95
2014,Bilateral HA,Proportional,Germany,DE,60%
2014,Multilateral HA through EU,Proportional,Germany,DE,33%
2014,Multilateral HA through UN and other multilaterals,Proportional,Germany,DE,7%
2015,Bilateral HA,Absolute,Germany,DE,868
2015,Multilateral HA through EU,Absolute,Germany,DE,385
2015,Multilateral HA through UN and other multilaterals,Absolute,Germany,DE,105
2015,Bilateral HA,Proportional,Germany,DE,64%
2015,Multilateral HA through EU,Proportional,Germany,DE,28%
2015,Multilateral HA through UN and other multilaterals,Proportional,Germany,DE,8%
2016,Bilateral HA,Absolute,Germany,DE,"2,167"
2016,Multilateral HA through EU,Absolute,Germany,DE,493
2016,Multilateral HA through UN and other multilaterals,Absolute,Germany,DE,228
2016,Bilateral HA,Proportional,Germany,DE,75%
2016,Multilateral HA through EU,Proportional,Germany,DE,17%
2016,Multilateral HA through UN and other multilaterals,Proportional,Germany,DE,8%
2017,Bilateral HA,Absolute,Germany,DE,"2,723"
2017,Multilateral HA through EU,Absolute,Germany,DE,469
2017,Multilateral HA through UN and other multilaterals,Absolute,Germany,DE,275
2017,Bilateral HA,Proportional,Germany,DE,79%
2017,Multilateral HA through EU,Proportional,Germany,DE,14%
2017,Multilateral HA through UN and other multilaterals,Proportional,Germany,DE,8%
2018,Bilateral HA,Absolute,Germany,DE,"2,569"
2018,Multilateral HA through EU,Absolute,Germany,DE,437
2018,Multilateral HA through UN and other multilaterals,Absolute,Germany,DE,288
2018,Bilateral HA,Proportional,Germany,DE,78%
2018,Multilateral HA through EU,Proportional,Germany,DE,13%
2018,Multilateral HA through UN and other multilaterals,Proportional,Germany,DE,9%
2019,Bilateral HA,Absolute,Germany,DE,"2,166"
2019,Multilateral HA through EU,Absolute,Germany,DE,464
2019,Multilateral HA through UN and other multilaterals,Absolute,Germany,DE,262
2019,Bilateral HA,Proportional,Germany,DE,75%
2019,Multilateral HA through EU,Proportional,Germany,DE,16%
2019,Multilateral HA through UN and other multilaterals,Proportional,Germany,DE,9%
2020,Bilateral HA,Absolute,Germany,DE,"2,881"
2020,Multilateral HA through EU,Absolute,Germany,DE,558
2020,Multilateral HA through UN and other multilaterals,Absolute,Germany,DE,277
2020,Bilateral HA,Proportional,Germany,DE,78%
2020,Multilateral HA through EU,Proportional,Germany,DE,15%
2020,Multilateral HA through UN and other multilaterals,Proportional,Germany,DE,7%
2011,Bilateral HA,Absolute,EU institutions,EU institutions,"1,533"
2011,Multilateral HA through EU,Absolute,EU institutions,EU institutions,0
2011,Multilateral HA through UN and other multilaterals,Absolute,EU institutions,EU institutions,135
2011,Bilateral HA,Proportional,EU institutions,EU institutions,92%
2011,Multilateral HA through EU,Proportional,EU institutions,EU institutions,0%
2011,Multilateral HA through UN and other multilaterals,Proportional,EU institutions,EU institutions,8%
2012,Bilateral HA,Absolute,EU institutions,EU institutions,"1,561"
2012,Multilateral HA through EU,Absolute,EU institutions,EU institutions,0
2012,Multilateral HA through UN and other multilaterals,Absolute,EU institutions,EU institutions,100
2012,Bilateral HA,Proportional,EU institutions,EU institutions,94%
2012,Multilateral HA through EU,Proportional,EU institutions,EU institutions,0%
2012,Multilateral HA through UN and other multilaterals,Proportional,EU institutions,EU institutions,6%
2013,Bilateral HA,Absolute,EU institutions,EU institutions,"1,674"
2013,Multilateral HA through EU,Absolute,EU institutions,EU institutions,0
2013,Multilateral HA through UN and other multilaterals,Absolute,EU institutions,EU institutions,112
2013,Bilateral HA,Proportional,EU institutions,EU institutions,94%
2013,Multilateral HA through EU,Proportional,EU institutions,EU institutions,0%
2013,Multilateral HA through UN and other multilaterals,Proportional,EU institutions,EU institutions,6%
2014,Bilateral HA,Absolute,EU institutions,EU institutions,"2,044"
2014,Multilateral HA through EU,Absolute,EU institutions,EU institutions,0
2014,Multilateral HA through UN and other multilaterals,Absolute,EU institutions,EU institutions,21
2014,Bilateral HA,Proportional,EU institutions,EU institutions,99%
2014,Multilateral HA through EU,Proportional,EU institutions,EU institutions,0%
2014,Multilateral HA through UN and other multilaterals,Proportional,EU institutions,EU institutions,1%
2015,Bilateral HA,Absolute,EU institutions,EU institutions,"1,819"
2015,Multilateral HA through EU,Absolute,EU institutions,EU institutions,0
2015,Multilateral HA through UN and other multilaterals,Absolute,EU institutions,EU institutions,3
2015,Bilateral HA,Proportional,EU institutions,EU institutions,100%
2015,Multilateral HA through EU,Proportional,EU institutions,EU institutions,0%
2015,Multilateral HA through UN and other multilaterals,Proportional,EU institutions,EU institutions,0%
2016,Bilateral HA,Absolute,EU institutions,EU institutions,"2,492"
2016,Multilateral HA through EU,Absolute,EU institutions,EU institutions,0
2016,Multilateral HA through UN and other multilaterals,Absolute,EU institutions,EU institutions,444
2016,Bilateral HA,Proportional,EU institutions,EU institutions,85%
2016,Multilateral HA through EU,Proportional,EU institutions,EU institutions,0%
2016,Multilateral HA through UN and other multilaterals,Proportional,EU institutions,EU institutions,15%
2017,Bilateral HA,Absolute,EU institutions,EU institutions,"2,114"
2017,Multilateral HA through EU,Absolute,EU institutions,EU institutions,0
2017,Multilateral HA through UN and other multilaterals,Absolute,EU institutions,EU institutions,562
2017,Bilateral HA,Proportional,EU institutions,EU institutions,79%
2017,Multilateral HA through EU,Proportional,EU institutions,EU institutions,0%
2017,Multilateral HA through UN and other multilaterals,Proportional,EU institutions,EU institutions,21%
2018,Bilateral HA,Absolute,EU institutions,EU institutions,"1,935"
2018,Multilateral HA through EU,Absolute,EU institutions,EU institutions,0
2018,Multilateral HA through UN and other multilaterals,Absolute,EU institutions,EU institutions,371
2018,Bilateral HA,Proportional,EU institutions,EU institutions,84%
2018,Multilateral HA through EU,Proportional,EU institutions,EU institutions,0%
2018,Multilateral HA through UN and other multilaterals,Proportional,EU institutions,EU institutions,16%
2019,Bilateral HA,Absolute,EU institutions,EU institutions,"2,132"
2019,Multilateral HA through EU,Absolute,EU institutions,EU institutions,0
2019,Multilateral HA through UN and other multilaterals,Absolute,EU institutions,EU institutions,116
2019,Bilateral HA,Proportional,EU institutions,EU institutions,95%
2019,Multilateral HA through EU,Proportional,EU institutions,EU institutions,0%
2019,Multilateral HA through UN and other multilaterals,Proportional,EU institutions,EU institutions,5%
2020,Bilateral HA,Absolute,EU institutions,EU institutions,"2,491"
2020,Multilateral HA through EU,Absolute,EU institutions,EU institutions,0
2020,Multilateral HA through UN and other multilaterals,Absolute,EU institutions,EU institutions,115
2020,Bilateral HA,Proportional,EU institutions,EU institutions,96%
2020,Multilateral HA through EU,Proportional,EU institutions,EU institutions,0%
2020,Multilateral HA through UN and other multilaterals,Proportional,EU institutions,EU institutions,4%
2011,Bilateral HA,Absolute,UK,GB,648
2011,Multilateral HA through EU,Absolute,UK,GB,232
2011,Multilateral HA through UN and other multilaterals,Absolute,UK,GB,326
2011,Bilateral HA,Proportional,UK,GB,54%
2011,Multilateral HA through EU,Proportional,UK,GB,19%
2011,Multilateral HA through UN and other multilaterals,Proportional,UK,GB,27%
2012,Bilateral HA,Absolute,UK,GB,611
2012,Multilateral HA through EU,Absolute,UK,GB,245
2012,Multilateral HA through UN and other multilaterals,Absolute,UK,GB,256
2012,Bilateral HA,Proportional,UK,GB,55%
2012,Multilateral HA through EU,Proportional,UK,GB,22%
2012,Multilateral HA through UN and other multilaterals,Proportional,UK,GB,23%
2013,Bilateral HA,Absolute,UK,GB,"1,173"
2013,Multilateral HA through EU,Absolute,UK,GB,262
2013,Multilateral HA through UN and other multilaterals,Absolute,UK,GB,275
2013,Bilateral HA,Proportional,UK,GB,69%
2013,Multilateral HA through EU,Proportional,UK,GB,15%
2013,Multilateral HA through UN and other multilaterals,Proportional,UK,GB,16%
2014,Bilateral HA,Absolute,UK,GB,"1,563"
2014,Multilateral HA through EU,Absolute,UK,GB,270
2014,Multilateral HA through UN and other multilaterals,Absolute,UK,GB,342
2014,Bilateral HA,Proportional,UK,GB,72%
2014,Multilateral HA through EU,Proportional,UK,GB,12%
2014,Multilateral HA through UN and other multilaterals,Proportional,UK,GB,16%
2015,Bilateral HA,Absolute,UK,GB,"1,764"
2015,Multilateral HA through EU,Absolute,UK,GB,267
2015,Multilateral HA through UN and other multilaterals,Absolute,UK,GB,306
2015,Bilateral HA,Proportional,UK,GB,75%
2015,Multilateral HA through EU,Proportional,UK,GB,11%
2015,Multilateral HA through UN and other multilaterals,Proportional,UK,GB,13%
2016,Bilateral HA,Absolute,UK,GB,"1,789"
2016,Multilateral HA through EU,Absolute,UK,GB,345
2016,Multilateral HA through UN and other multilaterals,Absolute,UK,GB,368
2016,Bilateral HA,Proportional,UK,GB,71%
2016,Multilateral HA through EU,Proportional,UK,GB,14%
2016,Multilateral HA through UN and other multilaterals,Proportional,UK,GB,15%
2017,Bilateral HA,Absolute,UK,GB,"1,877"
2017,Multilateral HA through EU,Absolute,UK,GB,276
2017,Multilateral HA through UN and other multilaterals,Absolute,UK,GB,430
2017,Bilateral HA,Proportional,UK,GB,73%
2017,Multilateral HA through EU,Proportional,UK,GB,11%
2017,Multilateral HA through UN and other multilaterals,Proportional,UK,GB,17%
2018,Bilateral HA,Absolute,UK,GB,"1,698"
2018,Multilateral HA through EU,Absolute,UK,GB,246
2018,Multilateral HA through UN and other multilaterals,Absolute,UK,GB,470
2018,Bilateral HA,Proportional,UK,GB,70%
2018,Multilateral HA through EU,Proportional,UK,GB,10%
2018,Multilateral HA through UN and other multilaterals,Proportional,UK,GB,19%
2019,Bilateral HA,Absolute,UK,GB,"1,965"
2019,Multilateral HA through EU,Absolute,UK,GB,331
2019,Multilateral HA through UN and other multilaterals,Absolute,UK,GB,655
2019,Bilateral HA,Proportional,UK,GB,67%
2019,Multilateral HA through EU,Proportional,UK,GB,11%
2019,Multilateral HA through UN and other multilaterals,Proportional,UK,GB,22%
2020,Bilateral HA,Absolute,UK,GB,"1,532"
2020,Multilateral HA through EU,Absolute,UK,GB,290
2020,Multilateral HA through UN and other multilaterals,Absolute,UK,GB,276
2020,Bilateral HA,Proportional,UK,GB,73%
2020,Multilateral HA through EU,Proportional,UK,GB,14%
2020,Multilateral HA through UN and other multilaterals,Proportional,UK,GB,13%
2011,Bilateral HA,Absolute,Sweden,SE,386
2011,Multilateral HA through EU,Absolute,Sweden,SE,40
2011,Multilateral HA through UN and other multilaterals,Absolute,Sweden,SE,254
2011,Bilateral HA,Proportional,Sweden,SE,57%
2011,Multilateral HA through EU,Proportional,Sweden,SE,6%
2011,Multilateral HA through UN and other multilaterals,Proportional,Sweden,SE,37%
2012,Bilateral HA,Absolute,Sweden,SE,354
2012,Multilateral HA through EU,Absolute,Sweden,SE,41
2012,Multilateral HA through UN and other multilaterals,Absolute,Sweden,SE,241
2012,Bilateral HA,Proportional,Sweden,SE,56%
2012,Multilateral HA through EU,Proportional,Sweden,SE,6%
2012,Multilateral HA through UN and other multilaterals,Proportional,Sweden,SE,38%
2013,Bilateral HA,Absolute,Sweden,SE,352
2013,Multilateral HA through EU,Absolute,Sweden,SE,44
2013,Multilateral HA through UN and other multilaterals,Absolute,Sweden,SE,232
2013,Bilateral HA,Proportional,Sweden,SE,56%
2013,Multilateral HA through EU,Proportional,Sweden,SE,7%
2013,Multilateral HA through UN and other multilaterals,Proportional,Sweden,SE,37%
2014,Bilateral HA,Absolute,Sweden,SE,475
2014,Multilateral HA through EU,Absolute,Sweden,SE,55
2014,Multilateral HA through UN and other multilaterals,Absolute,Sweden,SE,244
2014,Bilateral HA,Proportional,Sweden,SE,61%
2014,Multilateral HA through EU,Proportional,Sweden,SE,7%
2014,Multilateral HA through UN and other multilaterals,Proportional,Sweden,SE,32%
2015,Bilateral HA,Absolute,Sweden,SE,367
2015,Multilateral HA through EU,Absolute,Sweden,SE,58
2015,Multilateral HA through UN and other multilaterals,Absolute,Sweden,SE,374
2015,Bilateral HA,Proportional,Sweden,SE,46%
2015,Multilateral HA through EU,Proportional,Sweden,SE,7%
2015,Multilateral HA through UN and other multilaterals,Proportional,Sweden,SE,47%
2016,Bilateral HA,Absolute,Sweden,SE,450
2016,Multilateral HA through EU,Absolute,Sweden,SE,49
2016,Multilateral HA through UN and other multilaterals,Absolute,Sweden,SE,214
2016,Bilateral HA,Proportional,Sweden,SE,63%
2016,Multilateral HA through EU,Proportional,Sweden,SE,7%
2016,Multilateral HA through UN and other multilaterals,Proportional,Sweden,SE,30%
2017,Bilateral HA,Absolute,Sweden,SE,450
2017,Multilateral HA through EU,Absolute,Sweden,SE,59
2017,Multilateral HA through UN and other multilaterals,Absolute,Sweden,SE,324
2017,Bilateral HA,Proportional,Sweden,SE,54%
2017,Multilateral HA through EU,Proportional,Sweden,SE,7%
2017,Multilateral HA through UN and other multilaterals,Proportional,Sweden,SE,39%
2018,Bilateral HA,Absolute,Sweden,SE,466
2018,Multilateral HA through EU,Absolute,Sweden,SE,57
2018,Multilateral HA through UN and other multilaterals,Absolute,Sweden,SE,451
2018,Bilateral HA,Proportional,Sweden,SE,48%
2018,Multilateral HA through EU,Proportional,Sweden,SE,6%
2018,Multilateral HA through UN and other multilaterals,Proportional,Sweden,SE,46%
2019,Bilateral HA,Absolute,Sweden,SE,491
2019,Multilateral HA through EU,Absolute,Sweden,SE,60
2019,Multilateral HA through UN and other multilaterals,Absolute,Sweden,SE,336
2019,Bilateral HA,Proportional,Sweden,SE,55%
2019,Multilateral HA through EU,Proportional,Sweden,SE,7%
2019,Multilateral HA through UN and other multilaterals,Proportional,Sweden,SE,38%
2020,Bilateral HA,Absolute,Sweden,SE,519
2020,Multilateral HA through EU,Absolute,Sweden,SE,74
2020,Multilateral HA through UN and other multilaterals,Absolute,Sweden,SE,327
2020,Bilateral HA,Proportional,Sweden,SE,56%
2020,Multilateral HA through EU,Proportional,Sweden,SE,8%
2020,Multilateral HA through UN and other multilaterals,Proportional,Sweden,SE,36%
2011,Bilateral HA,Absolute,Netherlands,NL,160
2011,Multilateral HA through EU,Absolute,Netherlands,NL,82
2011,Multilateral HA through UN and other multilaterals,Absolute,Netherlands,NL,170
2011,Bilateral HA,Proportional,Netherlands,NL,39%
2011,Multilateral HA through EU,Proportional,Netherlands,NL,20%
2011,Multilateral HA through UN and other multilaterals,Proportional,Netherlands,NL,41%
2012,Bilateral HA,Absolute,Netherlands,NL,145
2012,Multilateral HA through EU,Absolute,Netherlands,NL,84
2012,Multilateral HA through UN and other multilaterals,Absolute,Netherlands,NL,172
2012,Bilateral HA,Proportional,Netherlands,NL,36%
2012,Multilateral HA through EU,Proportional,Netherlands,NL,21%
2012,Multilateral HA through UN and other multilaterals,Proportional,Netherlands,NL,43%
2013,Bilateral HA,Absolute,Netherlands,NL,139
2013,Multilateral HA through EU,Absolute,Netherlands,NL,89
2013,Multilateral HA through UN and other multilaterals,Absolute,Netherlands,NL,164
2013,Bilateral HA,Proportional,Netherlands,NL,36%
2013,Multilateral HA through EU,Proportional,Netherlands,NL,23%
2013,Multilateral HA through UN and other multilaterals,Proportional,Netherlands,NL,42%
2014,Bilateral HA,Absolute,Netherlands,NL,274
2014,Multilateral HA through EU,Absolute,Netherlands,NL,100
2014,Multilateral HA through UN and other multilaterals,Absolute,Netherlands,NL,152
2014,Bilateral HA,Proportional,Netherlands,NL,52%
2014,Multilateral HA through EU,Proportional,Netherlands,NL,19%
2014,Multilateral HA through UN and other multilaterals,Proportional,Netherlands,NL,29%
2015,Bilateral HA,Absolute,Netherlands,NL,513
2015,Multilateral HA through EU,Absolute,Netherlands,NL,85
2015,Multilateral HA through UN and other multilaterals,Absolute,Netherlands,NL,182
2015,Bilateral HA,Proportional,Netherlands,NL,66%
2015,Multilateral HA through EU,Proportional,Netherlands,NL,11%
2015,Multilateral HA through UN and other multilaterals,Proportional,Netherlands,NL,23%
2016,Bilateral HA,Absolute,Netherlands,NL,352
2016,Multilateral HA through EU,Absolute,Netherlands,NL,102
2016,Multilateral HA through UN and other multilaterals,Absolute,Netherlands,NL,223
2016,Bilateral HA,Proportional,Netherlands,NL,52%
2016,Multilateral HA through EU,Proportional,Netherlands,NL,15%
2016,Multilateral HA through UN and other multilaterals,Proportional,Netherlands,NL,33%
2017,Bilateral HA,Absolute,Netherlands,NL,300
2017,Multilateral HA through EU,Absolute,Netherlands,NL,94
2017,Multilateral HA through UN and other multilaterals,Absolute,Netherlands,NL,243
2017,Bilateral HA,Proportional,Netherlands,NL,47%
2017,Multilateral HA through EU,Proportional,Netherlands,NL,15%
2017,Multilateral HA through UN and other multilaterals,Proportional,Netherlands,NL,38%
2018,Bilateral HA,Absolute,Netherlands,NL,282
2018,Multilateral HA through EU,Absolute,Netherlands,NL,85
2018,Multilateral HA through UN and other multilaterals,Absolute,Netherlands,NL,297
2018,Bilateral HA,Proportional,Netherlands,NL,42%
2018,Multilateral HA through EU,Proportional,Netherlands,NL,13%
2018,Multilateral HA through UN and other multilaterals,Proportional,Netherlands,NL,45%
2019,Bilateral HA,Absolute,Netherlands,NL,208
2019,Multilateral HA through EU,Absolute,Netherlands,NL,88
2019,Multilateral HA through UN and other multilaterals,Absolute,Netherlands,NL,318
2019,Bilateral HA,Proportional,Netherlands,NL,34%
2019,Multilateral HA through EU,Proportional,Netherlands,NL,14%
2019,Multilateral HA through UN and other multilaterals,Proportional,Netherlands,NL,52%
2020,Bilateral HA,Absolute,Netherlands,NL,336
2020,Multilateral HA through EU,Absolute,Netherlands,NL,97
2020,Multilateral HA through UN and other multilaterals,Absolute,Netherlands,NL,338
2020,Bilateral HA,Proportional,Netherlands,NL,44%
2020,Multilateral HA through EU,Proportional,Netherlands,NL,13%
2020,Multilateral HA through UN and other multilaterals,Proportional,Netherlands,NL,44%
2011,Bilateral HA,Absolute,Norway,NO,269
2011,Multilateral HA through EU,Absolute,Norway,NO,0
2011,Multilateral HA through UN and other multilaterals,Absolute,Norway,NO,145
2011,Bilateral HA,Proportional,Norway,NO,65%
2011,Multilateral HA through EU,Proportional,Norway,NO,0%
2011,Multilateral HA through UN and other multilaterals,Proportional,Norway,NO,35%
2012,Bilateral HA,Absolute,Norway,NO,241
2012,Multilateral HA through EU,Absolute,Norway,NO,0
2012,Multilateral HA through UN and other multilaterals,Absolute,Norway,NO,142
2012,Bilateral HA,Proportional,Norway,NO,63%
2012,Multilateral HA through EU,Proportional,Norway,NO,0%
2012,Multilateral HA through UN and other multilaterals,Proportional,Norway,NO,37%
2013,Bilateral HA,Absolute,Norway,NO,304
2013,Multilateral HA through EU,Absolute,Norway,NO,0
2013,Multilateral HA through UN and other multilaterals,Absolute,Norway,NO,135
2013,Bilateral HA,Proportional,Norway,NO,69%
2013,Multilateral HA through EU,Proportional,Norway,NO,0%
2013,Multilateral HA through UN and other multilaterals,Proportional,Norway,NO,31%
2014,Bilateral HA,Absolute,Norway,NO,341
2014,Multilateral HA through EU,Absolute,Norway,NO,0
2014,Multilateral HA through UN and other multilaterals,Absolute,Norway,NO,141
2014,Bilateral HA,Proportional,Norway,NO,71%
2014,Multilateral HA through EU,Proportional,Norway,NO,0%
2014,Multilateral HA through UN and other multilaterals,Proportional,Norway,NO,29%
2015,Bilateral HA,Absolute,Norway,NO,401
2015,Multilateral HA through EU,Absolute,Norway,NO,0
2015,Multilateral HA through UN and other multilaterals,Absolute,Norway,NO,149
2015,Bilateral HA,Proportional,Norway,NO,73%
2015,Multilateral HA through EU,Proportional,Norway,NO,0%
2015,Multilateral HA through UN and other multilaterals,Proportional,Norway,NO,27%
2016,Bilateral HA,Absolute,Norway,NO,476
2016,Multilateral HA through EU,Absolute,Norway,NO,0
2016,Multilateral HA through UN and other multilaterals,Absolute,Norway,NO,155
2016,Bilateral HA,Proportional,Norway,NO,75%
2016,Multilateral HA through EU,Proportional,Norway,NO,0%
2016,Multilateral HA through UN and other multilaterals,Proportional,Norway,NO,25%
2017,Bilateral HA,Absolute,Norway,NO,537
2017,Multilateral HA through EU,Absolute,Norway,NO,0
2017,Multilateral HA through UN and other multilaterals,Absolute,Norway,NO,169
2017,Bilateral HA,Proportional,Norway,NO,76%
2017,Multilateral HA through EU,Proportional,Norway,NO,0%
2017,Multilateral HA through UN and other multilaterals,Proportional,Norway,NO,24%
2018,Bilateral HA,Absolute,Norway,NO,473
2018,Multilateral HA through EU,Absolute,Norway,NO,0
2018,Multilateral HA through UN and other multilaterals,Absolute,Norway,NO,178
2018,Bilateral HA,Proportional,Norway,NO,73%
2018,Multilateral HA through EU,Proportional,Norway,NO,0%
2018,Multilateral HA through UN and other multilaterals,Proportional,Norway,NO,27%
2019,Bilateral HA,Absolute,Norway,NO,526
2019,Multilateral HA through EU,Absolute,Norway,NO,0
2019,Multilateral HA through UN and other multilaterals,Absolute,Norway,NO,181
2019,Bilateral HA,Proportional,Norway,NO,74%
2019,Multilateral HA through EU,Proportional,Norway,NO,0%
2019,Multilateral HA through UN and other multilaterals,Proportional,Norway,NO,26%
2020,Bilateral HA,Absolute,Norway,NO,525
2020,Multilateral HA through EU,Absolute,Norway,NO,0
2020,Multilateral HA through UN and other multilaterals,Absolute,Norway,NO,191
2020,Bilateral HA,Proportional,Norway,NO,73%
2020,Multilateral HA through EU,Proportional,Norway,NO,0%
2020,Multilateral HA through UN and other multilaterals,Proportional,Norway,NO,27%
2011,Bilateral HA,Absolute,Canada,CA,352
2011,Multilateral HA through EU,Absolute,Canada,CA,0
2011,Multilateral HA through UN and other multilaterals,Absolute,Canada,CA,117
2011,Bilateral HA,Proportional,Canada,CA,75%
2011,Multilateral HA through EU,Proportional,Canada,CA,0%
2011,Multilateral HA through UN and other multilaterals,Proportional,Canada,CA,25%
2012,Bilateral HA,Absolute,Canada,CA,412
2012,Multilateral HA through EU,Absolute,Canada,CA,0
2012,Multilateral HA through UN and other multilaterals,Absolute,Canada,CA,35
2012,Bilateral HA,Proportional,Canada,CA,92%
2012,Multilateral HA through EU,Proportional,Canada,CA,0%
2012,Multilateral HA through UN and other multilaterals,Proportional,Canada,CA,8%
2013,Bilateral HA,Absolute,Canada,CA,490
2013,Multilateral HA through EU,Absolute,Canada,CA,0
2013,Multilateral HA through UN and other multilaterals,Absolute,Canada,CA,65
2013,Bilateral HA,Proportional,Canada,CA,88%
2013,Multilateral HA through EU,Proportional,Canada,CA,0%
2013,Multilateral HA through UN and other multilaterals,Proportional,Canada,CA,12%
2014,Bilateral HA,Absolute,Canada,CA,581
2014,Multilateral HA through EU,Absolute,Canada,CA,0
2014,Multilateral HA through UN and other multilaterals,Absolute,Canada,CA,58
2014,Bilateral HA,Proportional,Canada,CA,91%
2014,Multilateral HA through EU,Proportional,Canada,CA,0%
2014,Multilateral HA through UN and other multilaterals,Proportional,Canada,CA,9%
2015,Bilateral HA,Absolute,Canada,CA,695
2015,Multilateral HA through EU,Absolute,Canada,CA,0
2015,Multilateral HA through UN and other multilaterals,Absolute,Canada,CA,75
2015,Bilateral HA,Proportional,Canada,CA,90%
2015,Multilateral HA through EU,Proportional,Canada,CA,0%
2015,Multilateral HA through UN and other multilaterals,Proportional,Canada,CA,10%
2016,Bilateral HA,Absolute,Canada,CA,523
2016,Multilateral HA through EU,Absolute,Canada,CA,0
2016,Multilateral HA through UN and other multilaterals,Absolute,Canada,CA,86
2016,Bilateral HA,Proportional,Canada,CA,86%
2016,Multilateral HA through EU,Proportional,Canada,CA,0%
2016,Multilateral HA through UN and other multilaterals,Proportional,Canada,CA,14%
2017,Bilateral HA,Absolute,Canada,CA,653
2017,Multilateral HA through EU,Absolute,Canada,CA,0
2017,Multilateral HA through UN and other multilaterals,Absolute,Canada,CA,92
2017,Bilateral HA,Proportional,Canada,CA,88%
2017,Multilateral HA through EU,Proportional,Canada,CA,0%
2017,Multilateral HA through UN and other multilaterals,Proportional,Canada,CA,12%
2018,Bilateral HA,Absolute,Canada,CA,658
2018,Multilateral HA through EU,Absolute,Canada,CA,0
2018,Multilateral HA through UN and other multilaterals,Absolute,Canada,CA,93
2018,Bilateral HA,Proportional,Canada,CA,88%
2018,Multilateral HA through EU,Proportional,Canada,CA,0%
2018,Multilateral HA through UN and other multilaterals,Proportional,Canada,CA,12%
2019,Bilateral HA,Absolute,Canada,CA,561
2019,Multilateral HA through EU,Absolute,Canada,CA,0
2019,Multilateral HA through UN and other multilaterals,Absolute,Canada,CA,96
2019,Bilateral HA,Proportional,Canada,CA,85%
2019,Multilateral HA through EU,Proportional,Canada,CA,0%
2019,Multilateral HA through UN and other multilaterals,Proportional,Canada,CA,15%
2020,Bilateral HA,Absolute,Canada,CA,600
2020,Multilateral HA through EU,Absolute,Canada,CA,0
2020,Multilateral HA through UN and other multilaterals,Absolute,Canada,CA,83
2020,Bilateral HA,Proportional,Canada,CA,88%
2020,Multilateral HA through EU,Proportional,Canada,CA,0%
2020,Multilateral HA through UN and other multilaterals,Proportional,Canada,CA,12%
2011,Bilateral HA,Absolute,Saudi Arabia,SA,196
2011,Multilateral HA through EU,Absolute,Saudi Arabia,SA,0
2011,Multilateral HA through UN and other multilaterals,Absolute,Saudi Arabia,SA,0
2011,Bilateral HA,Proportional,Saudi Arabia,SA,100%
2011,Multilateral HA through EU,Proportional,Saudi Arabia,SA,0%
2011,Multilateral HA through UN and other multilaterals,Proportional,Saudi Arabia,SA,0%
2012,Bilateral HA,Absolute,Saudi Arabia,SA,465
2012,Multilateral HA through EU,Absolute,Saudi Arabia,SA,0
2012,Multilateral HA through UN and other multilaterals,Absolute,Saudi Arabia,SA,0
2012,Bilateral HA,Proportional,Saudi Arabia,SA,100%
2012,Multilateral HA through EU,Proportional,Saudi Arabia,SA,0%
2012,Multilateral HA through UN and other multilaterals,Proportional,Saudi Arabia,SA,0%
2013,Bilateral HA,Absolute,Saudi Arabia,SA,195
2013,Multilateral HA through EU,Absolute,Saudi Arabia,SA,0
2013,Multilateral HA through UN and other multilaterals,Absolute,Saudi Arabia,SA,0
2013,Bilateral HA,Proportional,Saudi Arabia,SA,100%
2013,Multilateral HA through EU,Proportional,Saudi Arabia,SA,0%
2013,Multilateral HA through UN and other multilaterals,Proportional,Saudi Arabia,SA,0%
2014,Bilateral HA,Absolute,Saudi Arabia,SA,838
2014,Multilateral HA through EU,Absolute,Saudi Arabia,SA,0
2014,Multilateral HA through UN and other multilaterals,Absolute,Saudi Arabia,SA,0
2014,Bilateral HA,Proportional,Saudi Arabia,SA,100%
2014,Multilateral HA through EU,Proportional,Saudi Arabia,SA,0%
2014,Multilateral HA through UN and other multilaterals,Proportional,Saudi Arabia,SA,0%
2015,Bilateral HA,Absolute,Saudi Arabia,SA,661
2015,Multilateral HA through EU,Absolute,Saudi Arabia,SA,0
2015,Multilateral HA through UN and other multilaterals,Absolute,Saudi Arabia,SA,0
2015,Bilateral HA,Proportional,Saudi Arabia,SA,100%
2015,Multilateral HA through EU,Proportional,Saudi Arabia,SA,0%
2015,Multilateral HA through UN and other multilaterals,Proportional,Saudi Arabia,SA,0%
2016,Bilateral HA,Absolute,Saudi Arabia,SA,511
2016,Multilateral HA through EU,Absolute,Saudi Arabia,SA,0
2016,Multilateral HA through UN and other multilaterals,Absolute,Saudi Arabia,SA,0
2016,Bilateral HA,Proportional,Saudi Arabia,SA,100%
2016,Multilateral HA through EU,Proportional,Saudi Arabia,SA,0%
2016,Multilateral HA through UN and other multilaterals,Proportional,Saudi Arabia,SA,0%
2017,Bilateral HA,Absolute,Saudi Arabia,SA,522
2017,Multilateral HA through EU,Absolute,Saudi Arabia,SA,0
2017,Multilateral HA through UN and other multilaterals,Absolute,Saudi Arabia,SA,0
2017,Bilateral HA,Proportional,Saudi Arabia,SA,100%
2017,Multilateral HA through EU,Proportional,Saudi Arabia,SA,0%
2017,Multilateral HA through UN and other multilaterals,Proportional,Saudi Arabia,SA,0%
2018,Bilateral HA,Absolute,Saudi Arabia,SA,"1,653"
2018,Multilateral HA through EU,Absolute,Saudi Arabia,SA,0
2018,Multilateral HA through UN and other multilaterals,Absolute,Saudi Arabia,SA,0
2018,Bilateral HA,Proportional,Saudi Arabia,SA,100%
2018,Multilateral HA through EU,Proportional,Saudi Arabia,SA,0%
2018,Multilateral HA through UN and other multilaterals,Proportional,Saudi Arabia,SA,0%
2019,Bilateral HA,Absolute,Saudi Arabia,SA,"1,444"
2019,Multilateral HA through EU,Absolute,Saudi Arabia,SA,0
2019,Multilateral HA through UN and other multilaterals,Absolute,Saudi Arabia,SA,0
2019,Bilateral HA,Proportional,Saudi Arabia,SA,100%
2019,Multilateral HA through EU,Proportional,Saudi Arabia,SA,0%
2019,Multilateral HA through UN and other multilaterals,Proportional,Saudi Arabia,SA,0%
2020,Bilateral HA,Absolute,Saudi Arabia,SA,679
2020,Multilateral HA through EU,Absolute,Saudi Arabia,SA,0
2020,Multilateral HA through UN and other multilaterals,Absolute,Saudi Arabia,SA,0
2020,Bilateral HA,Proportional,Saudi Arabia,SA,100%
2020,Multilateral HA through EU,Proportional,Saudi Arabia,SA,0%
2020,Multilateral HA through UN and other multilaterals,Proportional,Saudi Arabia,SA,0%
2011,Bilateral HA,Absolute,Switzerland,CH,264
2011,Multilateral HA through EU,Absolute,Switzerland,CH,0
2011,Multilateral HA through UN and other multilaterals,Absolute,Switzerland,CH,51
2011,Bilateral HA,Proportional,Switzerland,CH,84%
2011,Multilateral HA through EU,Proportional,Switzerland,CH,0%
2011,Multilateral HA through UN and other multilaterals,Proportional,Switzerland,CH,16%
2012,Bilateral HA,Absolute,Switzerland,CH,282
2012,Multilateral HA through EU,Absolute,Switzerland,CH,0
2012,Multilateral HA through UN and other multilaterals,Absolute,Switzerland,CH,41
2012,Bilateral HA,Proportional,Switzerland,CH,87%
2012,Multilateral HA through EU,Proportional,Switzerland,CH,0%
2012,Multilateral HA through UN and other multilaterals,Proportional,Switzerland,CH,13%
2013,Bilateral HA,Absolute,Switzerland,CH,317
2013,Multilateral HA through EU,Absolute,Switzerland,CH,0
2013,Multilateral HA through UN and other multilaterals,Absolute,Switzerland,CH,47
2013,Bilateral HA,Proportional,Switzerland,CH,87%
2013,Multilateral HA through EU,Proportional,Switzerland,CH,0%
2013,Multilateral HA through UN and other multilaterals,Proportional,Switzerland,CH,13%
2014,Bilateral HA,Absolute,Switzerland,CH,359
2014,Multilateral HA through EU,Absolute,Switzerland,CH,0
2014,Multilateral HA through UN and other multilaterals,Absolute,Switzerland,CH,61
2014,Bilateral HA,Proportional,Switzerland,CH,85%
2014,Multilateral HA through EU,Proportional,Switzerland,CH,0%
2014,Multilateral HA through UN and other multilaterals,Proportional,Switzerland,CH,15%
2015,Bilateral HA,Absolute,Switzerland,CH,412
2015,Multilateral HA through EU,Absolute,Switzerland,CH,0
2015,Multilateral HA through UN and other multilaterals,Absolute,Switzerland,CH,73
2015,Bilateral HA,Proportional,Switzerland,CH,85%
2015,Multilateral HA through EU,Proportional,Switzerland,CH,0%
2015,Multilateral HA through UN and other multilaterals,Proportional,Switzerland,CH,15%
2016,Bilateral HA,Absolute,Switzerland,CH,361
2016,Multilateral HA through EU,Absolute,Switzerland,CH,0
2016,Multilateral HA through UN and other multilaterals,Absolute,Switzerland,CH,74
2016,Bilateral HA,Proportional,Switzerland,CH,83%
2016,Multilateral HA through EU,Proportional,Switzerland,CH,0%
2016,Multilateral HA through UN and other multilaterals,Proportional,Switzerland,CH,17%
2017,Bilateral HA,Absolute,Switzerland,CH,336
2017,Multilateral HA through EU,Absolute,Switzerland,CH,0
2017,Multilateral HA through UN and other multilaterals,Absolute,Switzerland,CH,76
2017,Bilateral HA,Proportional,Switzerland,CH,82%
2017,Multilateral HA through EU,Proportional,Switzerland,CH,0%
2017,Multilateral HA through UN and other multilaterals,Proportional,Switzerland,CH,18%
2018,Bilateral HA,Absolute,Switzerland,CH,321
2018,Multilateral HA through EU,Absolute,Switzerland,CH,0
2018,Multilateral HA through UN and other multilaterals,Absolute,Switzerland,CH,82
2018,Bilateral HA,Proportional,Switzerland,CH,80%
2018,Multilateral HA through EU,Proportional,Switzerland,CH,0%
2018,Multilateral HA through UN and other multilaterals,Proportional,Switzerland,CH,20%
2019,Bilateral HA,Absolute,Switzerland,CH,331
2019,Multilateral HA through EU,Absolute,Switzerland,CH,0
2019,Multilateral HA through UN and other multilaterals,Absolute,Switzerland,CH,79
2019,Bilateral HA,Proportional,Switzerland,CH,81%
2019,Multilateral HA through EU,Proportional,Switzerland,CH,0%
2019,Multilateral HA through UN and other multilaterals,Proportional,Switzerland,CH,19%
2020,Bilateral HA,Absolute,Switzerland,CH,560
2020,Multilateral HA through EU,Absolute,Switzerland,CH,0
2020,Multilateral HA through UN and other multilaterals,Absolute,Switzerland,CH,96
2020,Bilateral HA,Proportional,Switzerland,CH,85%
2020,Multilateral HA through EU,Proportional,Switzerland,CH,0%
2020,Multilateral HA through UN and other multilaterals,Proportional,Switzerland,CH,15%
2011,Bilateral HA,Absolute,France,FR,75
2011,Multilateral HA through EU,Absolute,France,FR,278
2011,Multilateral HA through UN and other multilaterals,Absolute,France,FR,57
2011,Bilateral HA,Proportional,France,FR,18%
2011,Multilateral HA through EU,Proportional,France,FR,68%
2011,Multilateral HA through UN and other multilaterals,Proportional,France,FR,14%
2012,Bilateral HA,Absolute,France,FR,57
2012,Multilateral HA through EU,Absolute,France,FR,280
2012,Multilateral HA through UN and other multilaterals,Absolute,France,FR,40
2012,Bilateral HA,Proportional,France,FR,15%
2012,Multilateral HA through EU,Proportional,France,FR,74%
2012,Multilateral HA through UN and other multilaterals,Proportional,France,FR,11%
2013,Bilateral HA,Absolute,France,FR,37
2013,Multilateral HA through EU,Absolute,France,FR,305
2013,Multilateral HA through UN and other multilaterals,Absolute,France,FR,40
2013,Bilateral HA,Proportional,France,FR,10%
2013,Multilateral HA through EU,Proportional,France,FR,80%
2013,Multilateral HA through UN and other multilaterals,Proportional,France,FR,10%
2014,Bilateral HA,Absolute,France,FR,44
2014,Multilateral HA through EU,Absolute,France,FR,350
2014,Multilateral HA through UN and other multilaterals,Absolute,France,FR,43
2014,Bilateral HA,Proportional,France,FR,10%
2014,Multilateral HA through EU,Proportional,France,FR,80%
2014,Multilateral HA through UN and other multilaterals,Proportional,France,FR,10%
2015,Bilateral HA,Absolute,France,FR,38
2015,Multilateral HA through EU,Absolute,France,FR,294
2015,Multilateral HA through UN and other multilaterals,Absolute,France,FR,99
2015,Bilateral HA,Proportional,France,FR,9%
2015,Multilateral HA through EU,Proportional,France,FR,68%
2015,Multilateral HA through UN and other multilaterals,Proportional,France,FR,23%
2016,Bilateral HA,Absolute,France,FR,161
2016,Multilateral HA through EU,Absolute,France,FR,432
2016,Multilateral HA through UN and other multilaterals,Absolute,France,FR,164
2016,Bilateral HA,Proportional,France,FR,21%
2016,Multilateral HA through EU,Proportional,France,FR,57%
2016,Multilateral HA through UN and other multilaterals,Proportional,France,FR,22%
2017,Bilateral HA,Absolute,France,FR,82
2017,Multilateral HA through EU,Absolute,France,FR,373
2017,Multilateral HA through UN and other multilaterals,Absolute,France,FR,166
2017,Bilateral HA,Proportional,France,FR,13%
2017,Multilateral HA through EU,Proportional,France,FR,60%
2017,Multilateral HA through UN and other multilaterals,Proportional,France,FR,27%
2018,Bilateral HA,Absolute,France,FR,104
2018,Multilateral HA through EU,Absolute,France,FR,347
2018,Multilateral HA through UN and other multilaterals,Absolute,France,FR,166
2018,Bilateral HA,Proportional,France,FR,17%
2018,Multilateral HA through EU,Proportional,France,FR,56%
2018,Multilateral HA through UN and other multilaterals,Proportional,France,FR,27%
2019,Bilateral HA,Absolute,France,FR,156
2019,Multilateral HA through EU,Absolute,France,FR,364
2019,Multilateral HA through UN and other multilaterals,Absolute,France,FR,100
2019,Bilateral HA,Proportional,France,FR,25%
2019,Multilateral HA through EU,Proportional,France,FR,59%
2019,Multilateral HA through UN and other multilaterals,Proportional,France,FR,16%
2020,Bilateral HA,Absolute,France,FR,122
2020,Multilateral HA through EU,Absolute,France,FR,434
2020,Multilateral HA through UN and other multilaterals,Absolute,France,FR,69
2020,Bilateral HA,Proportional,France,FR,19%
2020,Multilateral HA through EU,Proportional,France,FR,69%
2020,Multilateral HA through UN and other multilaterals,Proportional,France,FR,11%
2011,Bilateral HA,Absolute,Denmark,DK,159
2011,Multilateral HA through EU,Absolute,Denmark,DK,31
2011,Multilateral HA through UN and other multilaterals,Absolute,Denmark,DK,76
2011,Bilateral HA,Proportional,Denmark,DK,60%
2011,Multilateral HA through EU,Proportional,Denmark,DK,12%
2011,Multilateral HA through UN and other multilaterals,Proportional,Denmark,DK,28%
2012,Bilateral HA,Absolute,Denmark,DK,156
2012,Multilateral HA through EU,Absolute,Denmark,DK,32
2012,Multilateral HA through UN and other multilaterals,Absolute,Denmark,DK,107
2012,Bilateral HA,Proportional,Denmark,DK,53%
2012,Multilateral HA through EU,Proportional,Denmark,DK,11%
2012,Multilateral HA through UN and other multilaterals,Proportional,Denmark,DK,36%
2013,Bilateral HA,Absolute,Denmark,DK,210
2013,Multilateral HA through EU,Absolute,Denmark,DK,35
2013,Multilateral HA through UN and other multilaterals,Absolute,Denmark,DK,91
2013,Bilateral HA,Proportional,Denmark,DK,63%
2013,Multilateral HA through EU,Proportional,Denmark,DK,10%
2013,Multilateral HA through UN and other multilaterals,Proportional,Denmark,DK,27%
2014,Bilateral HA,Absolute,Denmark,DK,237
2014,Multilateral HA through EU,Absolute,Denmark,DK,40
2014,Multilateral HA through UN and other multilaterals,Absolute,Denmark,DK,110
2014,Bilateral HA,Proportional,Denmark,DK,61%
2014,Multilateral HA through EU,Proportional,Denmark,DK,10%
2014,Multilateral HA through UN and other multilaterals,Proportional,Denmark,DK,29%
2015,Bilateral HA,Absolute,Denmark,DK,189
2015,Multilateral HA through EU,Absolute,Denmark,DK,36
2015,Multilateral HA through UN and other multilaterals,Absolute,Denmark,DK,94
2015,Bilateral HA,Proportional,Denmark,DK,59%
2015,Multilateral HA through EU,Proportional,Denmark,DK,11%
2015,Multilateral HA through UN and other multilaterals,Proportional,Denmark,DK,30%
2016,Bilateral HA,Absolute,Denmark,DK,252
2016,Multilateral HA through EU,Absolute,Denmark,DK,46
2016,Multilateral HA through UN and other multilaterals,Absolute,Denmark,DK,123
2016,Bilateral HA,Proportional,Denmark,DK,60%
2016,Multilateral HA through EU,Proportional,Denmark,DK,11%
2016,Multilateral HA through UN and other multilaterals,Proportional,Denmark,DK,29%
2017,Bilateral HA,Absolute,Denmark,DK,349
2017,Multilateral HA through EU,Absolute,Denmark,DK,43
2017,Multilateral HA through UN and other multilaterals,Absolute,Denmark,DK,129
2017,Bilateral HA,Proportional,Denmark,DK,67%
2017,Multilateral HA through EU,Proportional,Denmark,DK,8%
2017,Multilateral HA through UN and other multilaterals,Proportional,Denmark,DK,25%
2018,Bilateral HA,Absolute,Denmark,DK,343
2018,Multilateral HA through EU,Absolute,Denmark,DK,40
2018,Multilateral HA through UN and other multilaterals,Absolute,Denmark,DK,118
2018,Bilateral HA,Proportional,Denmark,DK,68%
2018,Multilateral HA through EU,Proportional,Denmark,DK,8%
2018,Multilateral HA through UN and other multilaterals,Proportional,Denmark,DK,24%
2019,Bilateral HA,Absolute,Denmark,DK,412
2019,Multilateral HA through EU,Absolute,Denmark,DK,43
2019,Multilateral HA through UN and other multilaterals,Absolute,Denmark,DK,104
2019,Bilateral HA,Proportional,Denmark,DK,74%
2019,Multilateral HA through EU,Proportional,Denmark,DK,8%
2019,Multilateral HA through UN and other multilaterals,Proportional,Denmark,DK,19%
2020,Bilateral HA,Absolute,Denmark,DK,363
2020,Multilateral HA through EU,Absolute,Denmark,DK,53
2020,Multilateral HA through UN and other multilaterals,Absolute,Denmark,DK,121
2020,Bilateral HA,Proportional,Denmark,DK,68%
2020,Multilateral HA through EU,Proportional,Denmark,DK,10%
2020,Multilateral HA through UN and other multilaterals,Proportional,Denmark,DK,23%
2011,Bilateral HA,Absolute,Italy,IT,75
2011,Multilateral HA through EU,Absolute,Italy,IT,224
2011,Multilateral HA through UN and other multilaterals,Absolute,Italy,IT,29
2011,Bilateral HA,Proportional,Italy,IT,23%
2011,Multilateral HA through EU,Proportional,Italy,IT,68%
2011,Multilateral HA through UN and other multilaterals,Proportional,Italy,IT,9%
2012,Bilateral HA,Absolute,Italy,IT,47
2012,Multilateral HA through EU,Absolute,Italy,IT,204
2012,Multilateral HA through UN and other multilaterals,Absolute,Italy,IT,15
2012,Bilateral HA,Proportional,Italy,IT,18%
2012,Multilateral HA through EU,Proportional,Italy,IT,77%
2012,Multilateral HA through UN and other multilaterals,Proportional,Italy,IT,6%
2013,Bilateral HA,Absolute,Italy,IT,59
2013,Multilateral HA through EU,Absolute,Italy,IT,216
2013,Multilateral HA through UN and other multilaterals,Absolute,Italy,IT,29
2013,Bilateral HA,Proportional,Italy,IT,19%
2013,Multilateral HA through EU,Proportional,Italy,IT,71%
2013,Multilateral HA through UN and other multilaterals,Proportional,Italy,IT,10%
2014,Bilateral HA,Absolute,Italy,IT,66
2014,Multilateral HA through EU,Absolute,Italy,IT,248
2014,Multilateral HA through UN and other multilaterals,Absolute,Italy,IT,25
2014,Bilateral HA,Proportional,Italy,IT,19%
2014,Multilateral HA through EU,Proportional,Italy,IT,73%
2014,Multilateral HA through UN and other multilaterals,Proportional,Italy,IT,7%
2015,Bilateral HA,Absolute,Italy,IT,115
2015,Multilateral HA through EU,Absolute,Italy,IT,216
2015,Multilateral HA through UN and other multilaterals,Absolute,Italy,IT,26
2015,Bilateral HA,Proportional,Italy,IT,32%
2015,Multilateral HA through EU,Proportional,Italy,IT,60%
2015,Multilateral HA through UN and other multilaterals,Proportional,Italy,IT,7%
2016,Bilateral HA,Absolute,Italy,IT,179
2016,Multilateral HA through EU,Absolute,Italy,IT,311
2016,Multilateral HA through UN and other multilaterals,Absolute,Italy,IT,92
2016,Bilateral HA,Proportional,Italy,IT,31%
2016,Multilateral HA through EU,Proportional,Italy,IT,54%
2016,Multilateral HA through UN and other multilaterals,Proportional,Italy,IT,16%
2017,Bilateral HA,Absolute,Italy,IT,269
2017,Multilateral HA through EU,Absolute,Italy,IT,272
2017,Multilateral HA through UN and other multilaterals,Absolute,Italy,IT,104
2017,Bilateral HA,Proportional,Italy,IT,42%
2017,Multilateral HA through EU,Proportional,Italy,IT,42%
2017,Multilateral HA through UN and other multilaterals,Proportional,Italy,IT,16%
2018,Bilateral HA,Absolute,Italy,IT,224
2018,Multilateral HA through EU,Absolute,Italy,IT,250
2018,Multilateral HA through UN and other multilaterals,Absolute,Italy,IT,82
2018,Bilateral HA,Proportional,Italy,IT,40%
2018,Multilateral HA through EU,Proportional,Italy,IT,45%
2018,Multilateral HA through UN and other multilaterals,Proportional,Italy,IT,15%
2019,Bilateral HA,Absolute,Italy,IT,116
2019,Multilateral HA through EU,Absolute,Italy,IT,267
2019,Multilateral HA through UN and other multilaterals,Absolute,Italy,IT,55
2019,Bilateral HA,Proportional,Italy,IT,27%
2019,Multilateral HA through EU,Proportional,Italy,IT,61%
2019,Multilateral HA through UN and other multilaterals,Proportional,Italy,IT,13%
2020,Bilateral HA,Absolute,Italy,IT,138
2020,Multilateral HA through EU,Absolute,Italy,IT,313
2020,Multilateral HA through UN and other multilaterals,Absolute,Italy,IT,60
2020,Bilateral HA,Proportional,Italy,IT,27%
2020,Multilateral HA through EU,Proportional,Italy,IT,61%
2020,Multilateral HA through UN and other multilaterals,Proportional,Italy,IT,12%
2011,Bilateral HA,Absolute,Japan,JP,717
2011,Multilateral HA through EU,Absolute,Japan,JP,0
2011,Multilateral HA through UN and other multilaterals,Absolute,Japan,JP,81
2011,Bilateral HA,Proportional,Japan,JP,90%
2011,Multilateral HA through EU,Proportional,Japan,JP,0%
2011,Multilateral HA through UN and other multilaterals,Proportional,Japan,JP,10%
2012,Bilateral HA,Absolute,Japan,JP,503
2012,Multilateral HA through EU,Absolute,Japan,JP,0
2012,Multilateral HA through UN and other multilaterals,Absolute,Japan,JP,58
2012,Bilateral HA,Proportional,Japan,JP,90%
2012,Multilateral HA through EU,Proportional,Japan,JP,0%
2012,Multilateral HA through UN and other multilaterals,Proportional,Japan,JP,10%
2013,Bilateral HA,Absolute,Japan,JP,762
2013,Multilateral HA through EU,Absolute,Japan,JP,0
2013,Multilateral HA through UN and other multilaterals,Absolute,Japan,JP,76
2013,Bilateral HA,Proportional,Japan,JP,91%
2013,Multilateral HA through EU,Proportional,Japan,JP,0%
2013,Multilateral HA through UN and other multilaterals,Proportional,Japan,JP,9%
2014,Bilateral HA,Absolute,Japan,JP,794
2014,Multilateral HA through EU,Absolute,Japan,JP,0
2014,Multilateral HA through UN and other multilaterals,Absolute,Japan,JP,75
2014,Bilateral HA,Proportional,Japan,JP,91%
2014,Multilateral HA through EU,Proportional,Japan,JP,0%
2014,Multilateral HA through UN and other multilaterals,Proportional,Japan,JP,9%
2015,Bilateral HA,Absolute,Japan,JP,"1,213"
2015,Multilateral HA through EU,Absolute,Japan,JP,0
2015,Multilateral HA through UN and other multilaterals,Absolute,Japan,JP,95
2015,Bilateral HA,Proportional,Japan,JP,93%
2015,Multilateral HA through EU,Proportional,Japan,JP,0%
2015,Multilateral HA through UN and other multilaterals,Proportional,Japan,JP,7%
2016,Bilateral HA,Absolute,Japan,JP,773
2016,Multilateral HA through EU,Absolute,Japan,JP,0
2016,Multilateral HA through UN and other multilaterals,Absolute,Japan,JP,117
2016,Bilateral HA,Proportional,Japan,JP,87%
2016,Multilateral HA through EU,Proportional,Japan,JP,0%
2016,Multilateral HA through UN and other multilaterals,Proportional,Japan,JP,13%
2017,Bilateral HA,Absolute,Japan,JP,778
2017,Multilateral HA through EU,Absolute,Japan,JP,0
2017,Multilateral HA through UN and other multilaterals,Absolute,Japan,JP,136
2017,Bilateral HA,Proportional,Japan,JP,85%
2017,Multilateral HA through EU,Proportional,Japan,JP,0%
2017,Multilateral HA through UN and other multilaterals,Proportional,Japan,JP,15%
2018,Bilateral HA,Absolute,Japan,JP,600
2018,Multilateral HA through EU,Absolute,Japan,JP,0
2018,Multilateral HA through UN and other multilaterals,Absolute,Japan,JP,154
2018,Bilateral HA,Proportional,Japan,JP,80%
2018,Multilateral HA through EU,Proportional,Japan,JP,0%
2018,Multilateral HA through UN and other multilaterals,Proportional,Japan,JP,20%
2019,Bilateral HA,Absolute,Japan,JP,495
2019,Multilateral HA through EU,Absolute,Japan,JP,0
2019,Multilateral HA through UN and other multilaterals,Absolute,Japan,JP,191
2019,Bilateral HA,Proportional,Japan,JP,72%
2019,Multilateral HA through EU,Proportional,Japan,JP,0%
2019,Multilateral HA through UN and other multilaterals,Proportional,Japan,JP,28%
2020,Bilateral HA,Absolute,Japan,JP,391
2020,Multilateral HA through EU,Absolute,Japan,JP,0
2020,Multilateral HA through UN and other multilaterals,Absolute,Japan,JP,119
2020,Bilateral HA,Proportional,Japan,JP,77%
2020,Multilateral HA through EU,Proportional,Japan,JP,0%
2020,Multilateral HA through UN and other multilaterals,Proportional,Japan,JP,23%
2011,Bilateral HA,Absolute,Belgium,BE,152
2011,Multilateral HA through EU,Absolute,Belgium,BE,64
2011,Multilateral HA through UN and other multilaterals,Absolute,Belgium,BE,45
2011,Bilateral HA,Proportional,Belgium,BE,58%
2011,Multilateral HA through EU,Proportional,Belgium,BE,24%
2011,Multilateral HA through UN and other multilaterals,Proportional,Belgium,BE,17%
2012,Bilateral HA,Absolute,Belgium,BE,72
2012,Multilateral HA through EU,Absolute,Belgium,BE,63
2012,Multilateral HA through UN and other multilaterals,Absolute,Belgium,BE,47
2012,Bilateral HA,Proportional,Belgium,BE,40%
2012,Multilateral HA through EU,Proportional,Belgium,BE,35%
2012,Multilateral HA through UN and other multilaterals,Proportional,Belgium,BE,26%
2013,Bilateral HA,Absolute,Belgium,BE,130
2013,Multilateral HA through EU,Absolute,Belgium,BE,69
2013,Multilateral HA through UN and other multilaterals,Absolute,Belgium,BE,42
2013,Bilateral HA,Proportional,Belgium,BE,54%
2013,Multilateral HA through EU,Proportional,Belgium,BE,29%
2013,Multilateral HA through UN and other multilaterals,Proportional,Belgium,BE,17%
2014,Bilateral HA,Absolute,Belgium,BE,54
2014,Multilateral HA through EU,Absolute,Belgium,BE,79
2014,Multilateral HA through UN and other multilaterals,Absolute,Belgium,BE,54
2014,Bilateral HA,Proportional,Belgium,BE,29%
2014,Multilateral HA through EU,Proportional,Belgium,BE,42%
2014,Multilateral HA through UN and other multilaterals,Proportional,Belgium,BE,29%
2015,Bilateral HA,Absolute,Belgium,BE,150
2015,Multilateral HA through EU,Absolute,Belgium,BE,73
2015,Multilateral HA through UN and other multilaterals,Absolute,Belgium,BE,39
2015,Bilateral HA,Proportional,Belgium,BE,57%
2015,Multilateral HA through EU,Proportional,Belgium,BE,28%
2015,Multilateral HA through UN and other multilaterals,Proportional,Belgium,BE,15%
2016,Bilateral HA,Absolute,Belgium,BE,257
2016,Multilateral HA through EU,Absolute,Belgium,BE,100
2016,Multilateral HA through UN and other multilaterals,Absolute,Belgium,BE,57
2016,Bilateral HA,Proportional,Belgium,BE,62%
2016,Multilateral HA through EU,Proportional,Belgium,BE,24%
2016,Multilateral HA through UN and other multilaterals,Proportional,Belgium,BE,14%
2017,Bilateral HA,Absolute,Belgium,BE,171
2017,Multilateral HA through EU,Absolute,Belgium,BE,99
2017,Multilateral HA through UN and other multilaterals,Absolute,Belgium,BE,62
2017,Bilateral HA,Proportional,Belgium,BE,51%
2017,Multilateral HA through EU,Proportional,Belgium,BE,30%
2017,Multilateral HA through UN and other multilaterals,Proportional,Belgium,BE,19%
2018,Bilateral HA,Absolute,Belgium,BE,183
2018,Multilateral HA through EU,Absolute,Belgium,BE,81
2018,Multilateral HA through UN and other multilaterals,Absolute,Belgium,BE,54
2018,Bilateral HA,Proportional,Belgium,BE,58%
2018,Multilateral HA through EU,Proportional,Belgium,BE,25%
2018,Multilateral HA through UN and other multilaterals,Proportional,Belgium,BE,17%
2019,Bilateral HA,Absolute,Belgium,BE,154
2019,Multilateral HA through EU,Absolute,Belgium,BE,87
2019,Multilateral HA through UN and other multilaterals,Absolute,Belgium,BE,63
2019,Bilateral HA,Proportional,Belgium,BE,51%
2019,Multilateral HA through EU,Proportional,Belgium,BE,29%
2019,Multilateral HA through UN and other multilaterals,Proportional,Belgium,BE,21%
2020,Bilateral HA,Absolute,Belgium,BE,215
2020,Multilateral HA through EU,Absolute,Belgium,BE,103
2020,Multilateral HA through UN and other multilaterals,Absolute,Belgium,BE,104
2020,Bilateral HA,Proportional,Belgium,BE,51%
2020,Multilateral HA through EU,Proportional,Belgium,BE,25%
2020,Multilateral HA through UN and other multilaterals,Proportional,Belgium,BE,25%
2011,Bilateral HA,Absolute,UAE,AE,171
2011,Multilateral HA through EU,Absolute,UAE,AE,0
2011,Multilateral HA through UN and other multilaterals,Absolute,UAE,AE,0
2011,Bilateral HA,Proportional,UAE,AE,100%
2011,Multilateral HA through EU,Proportional,UAE,AE,0%
2011,Multilateral HA through UN and other multilaterals,Proportional,UAE,AE,0%
2012,Bilateral HA,Absolute,UAE,AE,37
2012,Multilateral HA through EU,Absolute,UAE,AE,0
2012,Multilateral HA through UN and other multilaterals,Absolute,UAE,AE,0
2012,Bilateral HA,Proportional,UAE,AE,100%
2012,Multilateral HA through EU,Proportional,UAE,AE,0%
2012,Multilateral HA through UN and other multilaterals,Proportional,UAE,AE,0%
2013,Bilateral HA,Absolute,UAE,AE,272
2013,Multilateral HA through EU,Absolute,UAE,AE,0
2013,Multilateral HA through UN and other multilaterals,Absolute,UAE,AE,0
2013,Bilateral HA,Proportional,UAE,AE,100%
2013,Multilateral HA through EU,Proportional,UAE,AE,0%
2013,Multilateral HA through UN and other multilaterals,Proportional,UAE,AE,0%
2014,Bilateral HA,Absolute,UAE,AE,134
2014,Multilateral HA through EU,Absolute,UAE,AE,0
2014,Multilateral HA through UN and other multilaterals,Absolute,UAE,AE,0
2014,Bilateral HA,Proportional,UAE,AE,100%
2014,Multilateral HA through EU,Proportional,UAE,AE,0%
2014,Multilateral HA through UN and other multilaterals,Proportional,UAE,AE,0%
2015,Bilateral HA,Absolute,UAE,AE,767
2015,Multilateral HA through EU,Absolute,UAE,AE,0
2015,Multilateral HA through UN and other multilaterals,Absolute,UAE,AE,0
2015,Bilateral HA,Proportional,UAE,AE,100%
2015,Multilateral HA through EU,Proportional,UAE,AE,0%
2015,Multilateral HA through UN and other multilaterals,Proportional,UAE,AE,0%
2016,Bilateral HA,Absolute,UAE,AE,801
2016,Multilateral HA through EU,Absolute,UAE,AE,0
2016,Multilateral HA through UN and other multilaterals,Absolute,UAE,AE,0
2016,Bilateral HA,Proportional,UAE,AE,100%
2016,Multilateral HA through EU,Proportional,UAE,AE,0%
2016,Multilateral HA through UN and other multilaterals,Proportional,UAE,AE,0%
2017,Bilateral HA,Absolute,UAE,AE,321
2017,Multilateral HA through EU,Absolute,UAE,AE,0
2017,Multilateral HA through UN and other multilaterals,Absolute,UAE,AE,0
2017,Bilateral HA,Proportional,UAE,AE,100%
2017,Multilateral HA through EU,Proportional,UAE,AE,0%
2017,Multilateral HA through UN and other multilaterals,Proportional,UAE,AE,0%
2018,Bilateral HA,Absolute,UAE,AE,"2,168"
2018,Multilateral HA through EU,Absolute,UAE,AE,0
2018,Multilateral HA through UN and other multilaterals,Absolute,UAE,AE,0
2018,Bilateral HA,Proportional,UAE,AE,100%
2018,Multilateral HA through EU,Proportional,UAE,AE,0%
2018,Multilateral HA through UN and other multilaterals,Proportional,UAE,AE,0%
2019,Bilateral HA,Absolute,UAE,AE,625
2019,Multilateral HA through EU,Absolute,UAE,AE,0
2019,Multilateral HA through UN and other multilaterals,Absolute,UAE,AE,0
2019,Bilateral HA,Proportional,UAE,AE,100%
2019,Multilateral HA through EU,Proportional,UAE,AE,0%
2019,Multilateral HA through UN and other multilaterals,Proportional,UAE,AE,0%
2020,Bilateral HA,Absolute,UAE,AE,383
2020,Multilateral HA through EU,Absolute,UAE,AE,0
2020,Multilateral HA through UN and other multilaterals,Absolute,UAE,AE,0
2020,Bilateral HA,Proportional,UAE,AE,100%
2020,Multilateral HA through EU,Proportional,UAE,AE,0%
2020,Multilateral HA through UN and other multilaterals,Proportional,UAE,AE,0%
2011,Bilateral HA,Absolute,Spain,ES,211
2011,Multilateral HA through EU,Absolute,Spain,ES,130
2011,Multilateral HA through UN and other multilaterals,Absolute,Spain,ES,61
2011,Bilateral HA,Proportional,Spain,ES,52%
2011,Multilateral HA through EU,Proportional,Spain,ES,32%
2011,Multilateral HA through UN and other multilaterals,Proportional,Spain,ES,15%
2012,Bilateral HA,Absolute,Spain,ES,82
2012,Multilateral HA through EU,Absolute,Spain,ES,127
2012,Multilateral HA through UN and other multilaterals,Absolute,Spain,ES,5
2012,Bilateral HA,Proportional,Spain,ES,38%
2012,Multilateral HA through EU,Proportional,Spain,ES,59%
2012,Multilateral HA through UN and other multilaterals,Proportional,Spain,ES,2%
2013,Bilateral HA,Absolute,Spain,ES,49
2013,Multilateral HA through EU,Absolute,Spain,ES,138
2013,Multilateral HA through UN and other multilaterals,Absolute,Spain,ES,3
2013,Bilateral HA,Proportional,Spain,ES,26%
2013,Multilateral HA through EU,Proportional,Spain,ES,73%
2013,Multilateral HA through UN and other multilaterals,Proportional,Spain,ES,1%
2014,Bilateral HA,Absolute,Spain,ES,67
2014,Multilateral HA through EU,Absolute,Spain,ES,153
2014,Multilateral HA through UN and other multilaterals,Absolute,Spain,ES,2
2014,Bilateral HA,Proportional,Spain,ES,30%
2014,Multilateral HA through EU,Proportional,Spain,ES,69%
2014,Multilateral HA through UN and other multilaterals,Proportional,Spain,ES,1%
2015,Bilateral HA,Absolute,Spain,ES,54
2015,Multilateral HA through EU,Absolute,Spain,ES,138
2015,Multilateral HA through UN and other multilaterals,Absolute,Spain,ES,6
2015,Bilateral HA,Proportional,Spain,ES,27%
2015,Multilateral HA through EU,Proportional,Spain,ES,70%
2015,Multilateral HA through UN and other multilaterals,Proportional,Spain,ES,3%
2016,Bilateral HA,Absolute,Spain,ES,60
2016,Multilateral HA through EU,Absolute,Spain,ES,203
2016,Multilateral HA through UN and other multilaterals,Absolute,Spain,ES,49
2016,Bilateral HA,Proportional,Spain,ES,19%
2016,Multilateral HA through EU,Proportional,Spain,ES,65%
2016,Multilateral HA through UN and other multilaterals,Proportional,Spain,ES,16%
2017,Bilateral HA,Absolute,Spain,ES,65
2017,Multilateral HA through EU,Absolute,Spain,ES,182
2017,Multilateral HA through UN and other multilaterals,Absolute,Spain,ES,51
2017,Bilateral HA,Proportional,Spain,ES,22%
2017,Multilateral HA through EU,Proportional,Spain,ES,61%
2017,Multilateral HA through UN and other multilaterals,Proportional,Spain,ES,17%
2018,Bilateral HA,Absolute,Spain,ES,60
2018,Multilateral HA through EU,Absolute,Spain,ES,168
2018,Multilateral HA through UN and other multilaterals,Absolute,Spain,ES,50
2018,Bilateral HA,Proportional,Spain,ES,22%
2018,Multilateral HA through EU,Proportional,Spain,ES,60%
2018,Multilateral HA through UN and other multilaterals,Proportional,Spain,ES,18%
2019,Bilateral HA,Absolute,Spain,ES,69
2019,Multilateral HA through EU,Absolute,Spain,ES,179
2019,Multilateral HA through UN and other multilaterals,Absolute,Spain,ES,15
2019,Bilateral HA,Proportional,Spain,ES,26%
2019,Multilateral HA through EU,Proportional,Spain,ES,68%
2019,Multilateral HA through UN and other multilaterals,Proportional,Spain,ES,6%
2020,Bilateral HA,Absolute,Spain,ES,101
2020,Multilateral HA through EU,Absolute,Spain,ES,210
2020,Multilateral HA through UN and other multilaterals,Absolute,Spain,ES,20
2020,Bilateral HA,Proportional,Spain,ES,30%
2020,Multilateral HA through EU,Proportional,Spain,ES,63%
2020,Multilateral HA through UN and other multilaterals,Proportional,Spain,ES,6%
2011,Bilateral HA,Absolute,Ireland,IE,84
2011,Multilateral HA through EU,Absolute,Ireland,IE,19
2011,Multilateral HA through UN and other multilaterals,Absolute,Ireland,IE,24
2011,Bilateral HA,Proportional,Ireland,IE,66%
2011,Multilateral HA through EU,Proportional,Ireland,IE,15%
2011,Multilateral HA through UN and other multilaterals,Proportional,Ireland,IE,19%
2012,Bilateral HA,Absolute,Ireland,IE,104
2012,Multilateral HA through EU,Absolute,Ireland,IE,18
2012,Multilateral HA through UN and other multilaterals,Absolute,Ireland,IE,26
2012,Bilateral HA,Proportional,Ireland,IE,70%
2012,Multilateral HA through EU,Proportional,Ireland,IE,12%
2012,Multilateral HA through UN and other multilaterals,Proportional,Ireland,IE,17%
2013,Bilateral HA,Absolute,Ireland,IE,96
2013,Multilateral HA through EU,Absolute,Ireland,IE,19
2013,Multilateral HA through UN and other multilaterals,Absolute,Ireland,IE,35
2013,Bilateral HA,Proportional,Ireland,IE,64%
2013,Multilateral HA through EU,Proportional,Ireland,IE,13%
2013,Multilateral HA through UN and other multilaterals,Proportional,Ireland,IE,23%
2014,Bilateral HA,Absolute,Ireland,IE,96
2014,Multilateral HA through EU,Absolute,Ireland,IE,23
2014,Multilateral HA through UN and other multilaterals,Absolute,Ireland,IE,35
2014,Bilateral HA,Proportional,Ireland,IE,62%
2014,Multilateral HA through EU,Proportional,Ireland,IE,15%
2014,Multilateral HA through UN and other multilaterals,Proportional,Ireland,IE,23%
2015,Bilateral HA,Absolute,Ireland,IE,95
2015,Multilateral HA through EU,Absolute,Ireland,IE,22
2015,Multilateral HA through UN and other multilaterals,Absolute,Ireland,IE,47
2015,Bilateral HA,Proportional,Ireland,IE,58%
2015,Multilateral HA through EU,Proportional,Ireland,IE,13%
2015,Multilateral HA through UN and other multilaterals,Proportional,Ireland,IE,29%
2016,Bilateral HA,Absolute,Ireland,IE,118
2016,Multilateral HA through EU,Absolute,Ireland,IE,36
2016,Multilateral HA through UN and other multilaterals,Absolute,Ireland,IE,74
2016,Bilateral HA,Proportional,Ireland,IE,52%
2016,Multilateral HA through EU,Proportional,Ireland,IE,16%
2016,Multilateral HA through UN and other multilaterals,Proportional,Ireland,IE,32%
2017,Bilateral HA,Absolute,Ireland,IE,118
2017,Multilateral HA through EU,Absolute,Ireland,IE,32
2017,Multilateral HA through UN and other multilaterals,Absolute,Ireland,IE,62
2017,Bilateral HA,Proportional,Ireland,IE,56%
2017,Multilateral HA through EU,Proportional,Ireland,IE,15%
2017,Multilateral HA through UN and other multilaterals,Proportional,Ireland,IE,29%
2018,Bilateral HA,Absolute,Ireland,IE,122
2018,Multilateral HA through EU,Absolute,Ireland,IE,31
2018,Multilateral HA through UN and other multilaterals,Absolute,Ireland,IE,61
2018,Bilateral HA,Proportional,Ireland,IE,57%
2018,Multilateral HA through EU,Proportional,Ireland,IE,14%
2018,Multilateral HA through UN and other multilaterals,Proportional,Ireland,IE,29%
2019,Bilateral HA,Absolute,Ireland,IE,120
2019,Multilateral HA through EU,Absolute,Ireland,IE,32
2019,Multilateral HA through UN and other multilaterals,Absolute,Ireland,IE,58
2019,Bilateral HA,Proportional,Ireland,IE,57%
2019,Multilateral HA through EU,Proportional,Ireland,IE,15%
2019,Multilateral HA through UN and other multilaterals,Proportional,Ireland,IE,27%
2020,Bilateral HA,Absolute,Ireland,IE,116
2020,Multilateral HA through EU,Absolute,Ireland,IE,39
2020,Multilateral HA through UN and other multilaterals,Absolute,Ireland,IE,61
2020,Bilateral HA,Proportional,Ireland,IE,54%
2020,Multilateral HA through EU,Proportional,Ireland,IE,18%
2020,Multilateral HA through UN and other multilaterals,Proportional,Ireland,IE,28%
2011,Bilateral HA,Absolute,Finland,FI,109
2011,Multilateral HA through EU,Absolute,Finland,FI,26
2011,Multilateral HA through UN and other multilaterals,Absolute,Finland,FI,40
2011,Bilateral HA,Proportional,Finland,FI,62%
2011,Multilateral HA through EU,Proportional,Finland,FI,15%
2011,Multilateral HA through UN and other multilaterals,Proportional,Finland,FI,23%
2012,Bilateral HA,Absolute,Finland,FI,99
2012,Multilateral HA through EU,Absolute,Finland,FI,26
2012,Multilateral HA through UN and other multilaterals,Absolute,Finland,FI,27
2012,Bilateral HA,Proportional,Finland,FI,65%
2012,Multilateral HA through EU,Proportional,Finland,FI,17%
2012,Multilateral HA through UN and other multilaterals,Proportional,Finland,FI,18%
2013,Bilateral HA,Absolute,Finland,FI,98
2013,Multilateral HA through EU,Absolute,Finland,FI,27
2013,Multilateral HA through UN and other multilaterals,Absolute,Finland,FI,43
2013,Bilateral HA,Proportional,Finland,FI,58%
2013,Multilateral HA through EU,Proportional,Finland,FI,16%
2013,Multilateral HA through UN and other multilaterals,Proportional,Finland,FI,25%
2014,Bilateral HA,Absolute,Finland,FI,113
2014,Multilateral HA through EU,Absolute,Finland,FI,30
2014,Multilateral HA through UN and other multilaterals,Absolute,Finland,FI,42
2014,Bilateral HA,Proportional,Finland,FI,61%
2014,Multilateral HA through EU,Proportional,Finland,FI,16%
2014,Multilateral HA through UN and other multilaterals,Proportional,Finland,FI,23%
2015,Bilateral HA,Absolute,Finland,FI,93
2015,Multilateral HA through EU,Absolute,Finland,FI,26
2015,Multilateral HA through UN and other multilaterals,Absolute,Finland,FI,52
2015,Bilateral HA,Proportional,Finland,FI,54%
2015,Multilateral HA through EU,Proportional,Finland,FI,15%
2015,Multilateral HA through UN and other multilaterals,Proportional,Finland,FI,30%
2016,Bilateral HA,Absolute,Finland,FI,85
2016,Multilateral HA through EU,Absolute,Finland,FI,39
2016,Multilateral HA through UN and other multilaterals,Absolute,Finland,FI,47
2016,Bilateral HA,Proportional,Finland,FI,50%
2016,Multilateral HA through EU,Proportional,Finland,FI,23%
2016,Multilateral HA through UN and other multilaterals,Proportional,Finland,FI,28%
2017,Bilateral HA,Absolute,Finland,FI,69
2017,Multilateral HA through EU,Absolute,Finland,FI,39
2017,Multilateral HA through UN and other multilaterals,Absolute,Finland,FI,51
2017,Bilateral HA,Proportional,Finland,FI,43%
2017,Multilateral HA through EU,Proportional,Finland,FI,25%
2017,Multilateral HA through UN and other multilaterals,Proportional,Finland,FI,32%
2018,Bilateral HA,Absolute,Finland,FI,49
2018,Multilateral HA through EU,Absolute,Finland,FI,32
2018,Multilateral HA through UN and other multilaterals,Absolute,Finland,FI,57
2018,Bilateral HA,Proportional,Finland,FI,35%
2018,Multilateral HA through EU,Proportional,Finland,FI,23%
2018,Multilateral HA through UN and other multilaterals,Proportional,Finland,FI,42%
2019,Bilateral HA,Absolute,Finland,FI,55
2019,Multilateral HA through EU,Absolute,Finland,FI,33
2019,Multilateral HA through UN and other multilaterals,Absolute,Finland,FI,43
2019,Bilateral HA,Proportional,Finland,FI,42%
2019,Multilateral HA through EU,Proportional,Finland,FI,25%
2019,Multilateral HA through UN and other multilaterals,Proportional,Finland,FI,33%
2020,Bilateral HA,Absolute,Finland,FI,86
2020,Multilateral HA through EU,Absolute,Finland,FI,41
2020,Multilateral HA through UN and other multilaterals,Absolute,Finland,FI,49
2020,Bilateral HA,Proportional,Finland,FI,49%
2020,Multilateral HA through EU,Proportional,Finland,FI,23%
2020,Multilateral HA through UN and other multilaterals,Proportional,Finland,FI,28%
2011,Bilateral HA,Absolute,Korea,KR,26
2011,Multilateral HA through EU,Absolute,Korea,KR,0
2011,Multilateral HA through UN and other multilaterals,Absolute,Korea,KR,12
2011,Bilateral HA,Proportional,Korea,KR,68%
2011,Multilateral HA through EU,Proportional,Korea,KR,0%
2011,Multilateral HA through UN and other multilaterals,Proportional,Korea,KR,32%
2012,Bilateral HA,Absolute,Korea,KR,18
2012,Multilateral HA through EU,Absolute,Korea,KR,0
2012,Multilateral HA through UN and other multilaterals,Absolute,Korea,KR,12
2012,Bilateral HA,Proportional,Korea,KR,59%
2012,Multilateral HA through EU,Proportional,Korea,KR,0%
2012,Multilateral HA through UN and other multilaterals,Proportional,Korea,KR,41%
2013,Bilateral HA,Absolute,Korea,KR,27
2013,Multilateral HA through EU,Absolute,Korea,KR,0
2013,Multilateral HA through UN and other multilaterals,Absolute,Korea,KR,11
2013,Bilateral HA,Proportional,Korea,KR,71%
2013,Multilateral HA through EU,Proportional,Korea,KR,0%
2013,Multilateral HA through UN and other multilaterals,Proportional,Korea,KR,29%
2014,Bilateral HA,Absolute,Korea,KR,71
2014,Multilateral HA through EU,Absolute,Korea,KR,0
2014,Multilateral HA through UN and other multilaterals,Absolute,Korea,KR,12
2014,Bilateral HA,Proportional,Korea,KR,85%
2014,Multilateral HA through EU,Proportional,Korea,KR,0%
2014,Multilateral HA through UN and other multilaterals,Proportional,Korea,KR,15%
2015,Bilateral HA,Absolute,Korea,KR,52
2015,Multilateral HA through EU,Absolute,Korea,KR,0
2015,Multilateral HA through UN and other multilaterals,Absolute,Korea,KR,15
2015,Bilateral HA,Proportional,Korea,KR,77%
2015,Multilateral HA through EU,Proportional,Korea,KR,0%
2015,Multilateral HA through UN and other multilaterals,Proportional,Korea,KR,23%
2016,Bilateral HA,Absolute,Korea,KR,67
2016,Multilateral HA through EU,Absolute,Korea,KR,0
2016,Multilateral HA through UN and other multilaterals,Absolute,Korea,KR,16
2016,Bilateral HA,Proportional,Korea,KR,81%
2016,Multilateral HA through EU,Proportional,Korea,KR,0%
2016,Multilateral HA through UN and other multilaterals,Proportional,Korea,KR,19%
2017,Bilateral HA,Absolute,Korea,KR,95
2017,Multilateral HA through EU,Absolute,Korea,KR,0
2017,Multilateral HA through UN and other multilaterals,Absolute,Korea,KR,16
2017,Bilateral HA,Proportional,Korea,KR,86%
2017,Multilateral HA through EU,Proportional,Korea,KR,0%
2017,Multilateral HA through UN and other multilaterals,Proportional,Korea,KR,14%
2018,Bilateral HA,Absolute,Korea,KR,122
2018,Multilateral HA through EU,Absolute,Korea,KR,0
2018,Multilateral HA through UN and other multilaterals,Absolute,Korea,KR,17
2018,Bilateral HA,Proportional,Korea,KR,88%
2018,Multilateral HA through EU,Proportional,Korea,KR,0%
2018,Multilateral HA through UN and other multilaterals,Proportional,Korea,KR,12%
2019,Bilateral HA,Absolute,Korea,KR,124
2019,Multilateral HA through EU,Absolute,Korea,KR,0
2019,Multilateral HA through UN and other multilaterals,Absolute,Korea,KR,20
2019,Bilateral HA,Proportional,Korea,KR,86%
2019,Multilateral HA through EU,Proportional,Korea,KR,0%
2019,Multilateral HA through UN and other multilaterals,Proportional,Korea,KR,14%
2020,Bilateral HA,Absolute,Korea,KR,139
2020,Multilateral HA through EU,Absolute,Korea,KR,0
2020,Multilateral HA through UN and other multilaterals,Absolute,Korea,KR,21
2020,Bilateral HA,Proportional,Korea,KR,87%
2020,Multilateral HA through EU,Proportional,Korea,KR,0%
2020,Multilateral HA through UN and other multilaterals,Proportional,Korea,KR,13%
2011,Bilateral HA,Absolute,Australia,AU,328
2011,Multilateral HA through EU,Absolute,Australia,AU,0
2011,Multilateral HA through UN and other multilaterals,Absolute,Australia,AU,69
2011,Bilateral HA,Proportional,Australia,AU,83%
2011,Multilateral HA through EU,Proportional,Australia,AU,0%
2011,Multilateral HA through UN and other multilaterals,Proportional,Australia,AU,17%
2012,Bilateral HA,Absolute,Australia,AU,258
2012,Multilateral HA through EU,Absolute,Australia,AU,0
2012,Multilateral HA through UN and other multilaterals,Absolute,Australia,AU,102
2012,Bilateral HA,Proportional,Australia,AU,72%
2012,Multilateral HA through EU,Proportional,Australia,AU,0%
2012,Multilateral HA through UN and other multilaterals,Proportional,Australia,AU,28%
2013,Bilateral HA,Absolute,Australia,AU,210
2013,Multilateral HA through EU,Absolute,Australia,AU,0
2013,Multilateral HA through UN and other multilaterals,Absolute,Australia,AU,73
2013,Bilateral HA,Proportional,Australia,AU,74%
2013,Multilateral HA through EU,Proportional,Australia,AU,0%
2013,Multilateral HA through UN and other multilaterals,Proportional,Australia,AU,26%
2014,Bilateral HA,Absolute,Australia,AU,239
2014,Multilateral HA through EU,Absolute,Australia,AU,0
2014,Multilateral HA through UN and other multilaterals,Absolute,Australia,AU,73
2014,Bilateral HA,Proportional,Australia,AU,77%
2014,Multilateral HA through EU,Proportional,Australia,AU,0%
2014,Multilateral HA through UN and other multilaterals,Proportional,Australia,AU,23%
2015,Bilateral HA,Absolute,Australia,AU,244
2015,Multilateral HA through EU,Absolute,Australia,AU,0
2015,Multilateral HA through UN and other multilaterals,Absolute,Australia,AU,63
2015,Bilateral HA,Proportional,Australia,AU,79%
2015,Multilateral HA through EU,Proportional,Australia,AU,0%
2015,Multilateral HA through UN and other multilaterals,Proportional,Australia,AU,21%
2016,Bilateral HA,Absolute,Australia,AU,151
2016,Multilateral HA through EU,Absolute,Australia,AU,0
2016,Multilateral HA through UN and other multilaterals,Absolute,Australia,AU,72
2016,Bilateral HA,Proportional,Australia,AU,68%
2016,Multilateral HA through EU,Proportional,Australia,AU,0%
2016,Multilateral HA through UN and other multilaterals,Proportional,Australia,AU,32%
2017,Bilateral HA,Absolute,Australia,AU,197
2017,Multilateral HA through EU,Absolute,Australia,AU,0
2017,Multilateral HA through UN and other multilaterals,Absolute,Australia,AU,45
2017,Bilateral HA,Proportional,Australia,AU,82%
2017,Multilateral HA through EU,Proportional,Australia,AU,0%
2017,Multilateral HA through UN and other multilaterals,Proportional,Australia,AU,18%
2018,Bilateral HA,Absolute,Australia,AU,176
2018,Multilateral HA through EU,Absolute,Australia,AU,0
2018,Multilateral HA through UN and other multilaterals,Absolute,Australia,AU,47
2018,Bilateral HA,Proportional,Australia,AU,79%
2018,Multilateral HA through EU,Proportional,Australia,AU,0%
2018,Multilateral HA through UN and other multilaterals,Proportional,Australia,AU,21%
2019,Bilateral HA,Absolute,Australia,AU,222
2019,Multilateral HA through EU,Absolute,Australia,AU,0
2019,Multilateral HA through UN and other multilaterals,Absolute,Australia,AU,40
2019,Bilateral HA,Proportional,Australia,AU,85%
2019,Multilateral HA through EU,Proportional,Australia,AU,0%
2019,Multilateral HA through UN and other multilaterals,Proportional,Australia,AU,15%
2020,Bilateral HA,Absolute,Australia,AU,91
2020,Multilateral HA through EU,Absolute,Australia,AU,0
2020,Multilateral HA through UN and other multilaterals,Absolute,Australia,AU,57
2020,Bilateral HA,Proportional,Australia,AU,61%
2020,Multilateral HA through EU,Proportional,Australia,AU,0%
2020,Multilateral HA through UN and other multilaterals,Proportional,Australia,AU,39%
